Worker 1,1542631197111,1542628384526,1542631197498,
Worker 2,1542631197279,1542630996010,1542631197628,
Worker 1,1542631197456,1542628384526,1542631198119,
Worker 2,1542631197589,1542630996010,1542631198215,
Worker 1,1542631197785,1542628384526,1542631198831,
Worker 2,1542631197953,1542630996010,1542631198964,
Worker 1,1542631198093,1542628384526,1542631199398,
Worker 2,1542631198246,1542630996010,1542631199458,
Worker 1,1542631198384,1542628384526,1542631199937,
Worker 2,1542631198570,1542630996010,1542631199991,
Worker 1,1542631198718,1542628384526,1542631200513,
Worker 2,1542631198853,1542630996010,1542631200564,
Worker 1,1542631199023,1542628384526,1542631201032,
Worker 2,1542631199217,1542630996010,1542631201200,
Worker 1,1542631199392,1542628384526,1542631201636,
Worker 2,1542631199567,1542630996010,1542631201763,
Worker 1,1542631199723,1542628384526,1542631202184,
Worker 2,1542631199910,1542630996010,1542631202246,
Worker 1,1542631200075,1542628384526,1542631202701,
Worker 2,1542631200219,1542630996010,1542631202771,
Worker 1,1542631200388,1542628384526,1542631203267,
Worker 2,1542631200525,1542630996010,1542631203372,
Worker 1,1542631200708,1542628384526,1542631203856,
Worker 1,1542631201028,1542628384526,1542631204289,
Worker 1,1542631201352,1542628384526,1542631204683,
Worker 1,1542631201685,1542628384526,1542631205046,
Worker 1,1542631202058,1542628384526,1542631205460,
Worker 1,1542631202381,1542628384526,1542631205936,
Worker 1,1542631202678,1542628384526,1542631206327,
Worker 1,1542631203005,1542628384526,1542631206789,
Worker 1,1542631203369,1542628384526,1542631207194,
Worker 1,1542631203687,1542628384526,1542631207633,
Worker 1,1542631203990,1542628384526,1542631208039,
Worker 1,1542631204148,1542628384526,1542631208433,
Worker 1,1542631204266,1542628384526,1542631208863,
Worker 1,1542631204444,1542628384526,1542631209343,
Worker 1,1542631204584,1542628384526,1542631209721,
Worker 1,1542631204720,1542628384526,1542631210176,
Worker 1,1542631204852,1542628384526,1542631210618,
Worker 1,1542631204986,1542628384526,1542631210987,
Worker 1,1542631205142,1542628384526,1542631211351,
Worker 1,1542631205273,1542628384526,1542631211710,
Worker 1,1542631205409,1542628384526,1542631212136,
Worker 1,1542631205565,1542628384526,1542631212512,
Worker 1,1542631205701,1542628384526,1542631212838,
Worker 1,1542631205833,1542628384526,1542631213204,
Worker 1,1542631205969,1542628384526,1542631213575,
Worker 1,1542631206097,1542628384526,1542631213938,
Worker 1,1542631206245,1542628384526,1542631214314,
Worker 1,1542631206372,1542628384526,1542631214698,
Worker 1,1542631206507,1542628384526,1542631215069,
Worker 1,1542631206646,1542628384526,1542631215427,
Worker 1,1542631206783,1542628384526,1542631215774,
Worker 1,1542631206914,1542628384526,1542631216163,
Worker 1,1542631207065,1542628384526,1542631216489,
Worker 1,1542631207197,1542628384526,1542631216816,
Worker 1,1542631207330,1542628384526,1542631217203,
Worker 1,1542631207458,1542628384526,1542631217545,
Worker 1,1542631207581,1542628384526,1542631217890,
Worker 1,1542631207701,1542628384526,1542631218251,
Worker 1,1542631207825,1542628384526,1542631218643,
Worker 1,1542631208008,1542628384526,1542631219028,
Worker 1,1542631208140,1542628384526,1542631219412,
Worker 1,1542631208261,1542628384526,1542631219740,
Worker 1,1542631208387,1542628384526,1542631220076,
Worker 1,1542631208528,1542628384526,1542631220436,
Worker 1,1542631208674,1542628384526,1542631220786,
Worker 1,1542631208849,1542628384526,1542631221176,
Worker 1,1542631208976,1542628384526,1542631221541,
Worker 1,1542631209156,1542628384526,1542631221900,
Worker 1,1542631209385,1542628384526,1542631222255,
Worker 1,1542631209505,1542628384526,1542631222613,
Worker 1,1542631209637,1542628384526,1542631222979,
Worker 1,1542631209769,1542628384526,1542631223320,
Worker 1,1542631209917,1542628384526,1542631223676,
Worker 1,1542631210096,1542628384526,1542631224056,
Worker 1,1542631210256,1542628384526,1542631224393,
Worker 1,1542631210425,1542628384526,1542631224716,
Worker 1,1542631210560,1542628384526,1542631225058,
Worker 1,1542631210693,1542628384526,1542631225420,
Worker 1,1542631210822,1542628384526,1542631225799,
Worker 1,1542631210954,1542628384526,1542631226183,
Worker 1,1542631211152,1542628384526,1542631226575,
Worker 1,1542631211285,1542628384526,1542631226998,
Worker 1,1542631211420,1542628384526,1542631227330,
Worker 1,1542631211590,1542628384526,1542631227699,
Worker 1,1542631211713,1542628384526,1542631228063,
Worker 1,1542631211844,1542628384526,1542631228436,
Worker 1,1542631211968,1542628384526,1542631228865,
Worker 1,1542631212099,1542628384526,1542631229221,
